,Unnamed: 0,sno,DATE,HEADLINE,TICKER,COMPANY NAME,SECTOR,SUBSECTOR,SERIES,DATE OF LISTING,PAID UP VALUE,MARKET LOT,ISIN NUMBER,FACE VALUE,negative_score,positive_score,neutral_score,compound_score,Unnamed: 0,High,Low,Open,close,volume,adj close,avg High,avg low,avg open,avg close,avg volume,avg adj close,trend
0,0,14,2023-07-24,"BASF reports #Q1 earnings

- Net profit down 42.7% at â‚¹112.7 cr vs â‚¹196.8 cr (YoY)

- Revenue down 13.2% at â‚¹3,374.7 cr vs â‚¹3,887.8 cr (YoY)

- EBITDA down 36.3% at â‚¹197.8 cr vs â‚¹310.7 cr (YoY)

- EBITDA margin at 5.9% vs 8% (YoY)",BASF,BASF India Limited,Chemicals,Chemicals,EQ,17-May-95,10,1,INE373A01013,10,0.0,0.066,0.934,0.4404,0,2610.0,2678.0,2601.050048828125,2664.300048828125,2664.300048828125,145514,3142.210009765625,3171.810009765625,3105.050048828125,3152.23994140625,3145.8984375,45907.4,bearish
1,1,15,2023-07-24,"PNB Housing Finance reports #Q1 earnings

- Net profit up 47.8% at â‚¹347.3 cr vs â‚¹235 cr (YoY)

- Revenue up 21% at â‚¹1,707.6 cr vs â‚¹1,410.7 cr (YoY)",PNB,Punjab National Bank,Banks - PSU,Banks - PSU,EQ,24-Apr-02,2,1,INE160A01022,2,0.0,0.1,0.9,0.4404,1,63.09999847412109,63.79999923706055,60.54999923706055,62.09999847412109,62.09999847412109,56162634,75.35,76.73000106811523,74.21999969482422,75.32999877929687,75.32999877929687,94425801.8,bearish
2,2,18,2023-07-24,"IDBI Bank reports Q1 earnings

- Profit up 61.9% At â‚¹1,224.2 Cr Vs â‚¹756.4 Cr (YoY)

- NII up 60.7% At â‚¹3,997.6 Cr Vs â‚¹2,487.5 Cr (YoY)

- Gross NPA at 5.05% vs 6.38% (QoQ)

- Net NPA at 0.44% vs 0.92% (QoQ)",IDBI,IDBI Bank Limited,Banks - PSU,Banks - PSU,EQ,20-Sep-95,10,1,INE008A01015,10,0.072,0.067,0.86,-0.0516,2,57.900001525878906,58.95000076293945,56.54999923706055,57.900001525878906,57.900001525878906,16707700,69.26000061035157,70.05,68.6,69.12000045776367,69.12000045776367,9556145.6,bearish
3,3,20,2023-07-24,"SRF reports #Q1 numbers

-Chemicals segment revenue down 3.6% at â‚¹1,647 cr vs â‚¹1,706 cr (YoY)

-Chemicals segment EBIT down 12% at â‚¹461 cr vs â‚¹523 cr (YoY)

-Chemicals segment EBIT margin at 28% vs 31% (YoY)",SRF,SRF Limited,Diversified,Diversified,EQ,18-Aug-03,10,1,INE647A01010,10,0.0,0.0,1.0,0.0,3,2228.050048828125,2230.25,2040.0,2144.35009765625,2137.418701171875,1884393,2677.1,2697.67998046875,2638.230029296875,2661.22001953125,2652.61806640625,904254.8,bullish
4,4,37,2023-07-25,"ITC extends decline, down more than 3% after co's board gives in-principal nod for Hotels biz demerger",ITC,ITC Limited,,,EQ,23-Aug-95,1,1,INE154A01025,1,0.0,0.086,0.914,0.128,4,467.8999938964844,468.5,462.0499877929688,462.2999877929688,455.6085205078125,43534718,575.6699951171875,582.8500122070312,565.1899963378906,573.5200012207031,565.2187194824219,27190665.4,bullish
5,5,83,2023-07-27,M&M down more than 5% after co replies to newsbreak to  acquire 3.53% stake in RBL Bank,M&M,Mahindra & Mahindra Limited,Auto,Auto,EQ,03-Jan-96,5,1,INE101A01026,5,0.0,0.0,1.0,0.0,5,1499.0,1500.0,1450.0,1447.4000244140625,1447.4000244140625,11879512,1848.3199951171875,1861.3699951171875,1816.55,1834.739990234375,1834.739990234375,4262744.6,bullish
6,6,86,2023-07-27,"M&M sees biggest single-day drop since February 2022, erases market cap of more than Rs 11,300 cr after co announces acquisition of stake In RBL Bank",M&M,Mahindra & Mahindra Limited,Auto,Auto,EQ,03-Jan-96,5,1,INE101A01026,5,0.077,0.0,0.923,-0.2732,6,1499.0,1500.0,1450.0,1447.4000244140625,1447.4000244140625,11879512,1848.3199951171875,1861.3699951171875,1816.55,1834.739990234375,1834.739990234375,4262744.6,bullish
7,7,87,2023-07-27,"NTPC says, the second unit of 660 MW capacity of Barh Super Thermal Power Station, Stage-I (3x660 MW) is declared commercially operational w.e.f Aug 1",NTPC,NTPC Limited,Power - Generation & Distribution,Power - Generation & Distribution,EQ,05-Nov-04,10,1,INE733E01010,10,0.0,0.145,0.855,0.5994,7,201.75,203.0,199.5,201.9499969482422,195.9378204345703,16013422,236.15,238.82000122070312,234.68000183105468,237.6199981689453,230.5458953857422,15569788.0,bullish
8,8,99,2023-07-28,"#JustIN | PVR Inox opens a 5-screen multiplex at Plutone Mall, Rourkela, Odisha",PVR,PVR Limited,Media & Entertainment,Media & Entertainment,EQ,04-Jan-06,10,1,INE191H01014,10,0.0,0.0,1.0,0.0,8,0.0,0.0,0.0,0.0,0.0,0,0.0,0.0,0.0,0.0,0.0,0.0,unknown
9,9,101,2023-07-28,"LT Foods reports #Q1 earnings. 

â–¶ï¸Net profit up 53.2% at  â‚¹137.4 cr vs â‚¹89.7 cr (YoY)
â–¶ï¸Revenue up 10.4% at â‚¹1,778.1 cr  vs â‚¹1,611.1 cr (YoY)
â–¶ï¸EBITDA up 28% at â‚¹213.6 cr  vs â‚¹166.9 cr (YoY)
â–¶ï¸EBITDA margin at 12% vs 10.4% (YoY)",LT,Larsen & Toubro Limited,Infrastructure - General,Infrastructure - General,EQ,23-Jun-04,2,1,INE018A01030,2,0.0,0.065,0.935,0.4404,9,2660.14990234375,2668.14990234375,2631.10009765625,2649.550048828125,2643.588623046875,1325724,3139.149951171875,3173.82001953125,3102.889990234375,3141.67998046875,3134.611181640625,3619641.4,bullish
10,10,115,2023-07-28,"RailTel falls more than 5% despite reporting strong Q1 earnings

BEL rises more than 2% on strong Q1 results

Intellect Design snaps 7-day losing streak, surges 20% post Q1 results

Ajanta Pharma ends 3% higher but off highs following Q1 results",BEL,Bharat Electronics Limited,Computers - Hardware,Computers - Hardware,EQ,19-Jul-00,1,1,INE263A01024,1,0.124,0.045,0.831,-0.3616,10,129.25,131.6999969482422,128.85000610351562,130.14999389648438,128.6055450439453,37245053,152.15,153.88999938964844,150.95,152.27999877929688,150.4729461669922,18344792.8,bullish
11,11,136,2023-07-29,"NTPC Q1 Update
-
-Coal Produced from Captive Mines-Commercial up 52.2% at 6.24 mt vs 4.10 mt YoY

-Installed Capacity at 57,038 MW vs 57,119 MW (YoY)",NTPC,NTPC Limited,Power - Generation & Distribution,Power - Generation & Distribution,EQ,05-Nov-04,10,1,INE733E01010,10,0.0,0.0,1.0,0.0,11,201.8500061035156,210.4499969482422,209.6499938964844,210.0,203.74815368652344,39630520,237.9800018310547,242.06000061035155,236.2100006103516,241.03999938964844,233.86408081054688,21708492.8,bullish
12,12,137,2023-07-31,"#MarketAtClose | Laurus Labs sees buying after earnings, gains more than 4%

UPL & Navin Fluorine close with minor cuts after a weak Q1

Apollo Hospitals is weak ahead of its Q1 earnings, closes 3% lower

GAIL closes in the green but off highs after co misses estimates in Q1",GAIL,GAIL (India) Limited,Oil Drilling And Exploration,Oil Drilling And Exploration,EQ,02-Apr-97,10,1,INE129A01019,10,0.181,0.033,0.786,-0.6956,12,120.3499984741211,122.9499969482422,117.1999969482422,119.0999984741211,115.4928970336914,64986613,139.20999908447266,141.61000061035156,137.85,139.54000091552734,135.31384887695313,31111608.0,bullish
13,13,141,2023-08-01,Engineers India bags project worth Rs 837.34 cr from ONGC,ONGC,Oil & Natural Gas Corporation Limited,Oil Drilling,Oil Drilling,EQ,19-Jul-95,5,1,INE213A01029,5,0.0,0.174,0.826,0.2263,13,175.3000030517578,177.0,174.0,176.6999969482422,168.61424255371094,5584773,207.62000122070316,210.15,205.71999816894527,208.5,198.95909118652344,10236489.4,bearish
14,14,143,2023-08-01,GAIL results miss estimates but analysts put the spotlight on a sharp rise in gas transmission tariffs,GAIL,GAIL (India) Limited,Oil Drilling And Exploration,Oil Drilling And Exploration,EQ,02-Apr-97,10,1,INE129A01019,10,0.08,0.0,0.92,-0.0772,14,119.0999984741211,122.3499984741211,115.0999984741211,120.3499984741211,116.70503997802734,32978003,140.58999938964843,143.28000030517578,138.97999877929686,141.2,136.92357177734374,34932775.2,bearish
15,15,158,2023-08-01,HFCL bags #order worth â‚¹137 crore from #RelianceRetail,HFCL,HFCL Limited,Telecommunications - Equipment,Telecommunications - Equipment,EQ,09-Mar-11,1,1,INE548A01028,1,0.0,0.213,0.787,0.2263,15,64.05000305175781,66.75,64.4000015258789,66.1500015258789,65.97073364257812,13863049,77.39000015258789,78.56000061035157,76.7900001525879,77.46999969482422,77.26005249023437,6395496.4,bearish
16,16,167,2023-08-01,"#Market fails to hold opening gains, remains in a range

#Sensex falls 68 points to 66,459 & #Nifty 20 points to 19,734

Nifty Bank slips 59 pts to 45,593 while Midcap Index rises 12 pts to 37,733

PSU basket sees buying with coal India rising 5% & NTPC 3%",NTPC,NTPC Limited,Power - Generation & Distribution,Power - Generation & Distribution,EQ,05-Nov-04,10,1,INE733E01010,10,0.055,0.1,0.845,0.3182,16,219.5500030517578,226.6499938964844,216.8500061035156,225.1499938964844,218.4471435546875,63510580,246.6700012207031,252.5099975585937,244.9,251.53999938964844,244.0514923095703,38906957.0,bearish
17,17,192,2023-08-03,FDC board to consider share buyback on August 9,FDC,FDC Limited,Pharmaceuticals,Pharmaceuticals,EQ,07-Aug-97,1,1,INE258B01022,1,0.0,0.239,0.761,0.296,17,345.0,378.3999938964844,366.5499877929688,372.9500122070313,372.9500122070313,6350711,412.7400024414063,423.8799987792969,406.85,417.9,417.9,1528041.0,bullish
18,18,199,2023-08-03,"ICRA reports #Q1 earnings. 

â–¶ï¸Net profit up 90.1%  at â‚¹40.3 cr vs â‚¹21.2 cr (YoY)

â–¶ï¸Revenue up 11% at  at â‚¹102.7 cr vs â‚¹92.5 cr (YoY)

â–¶ï¸EBITDA up 9.5%  at â‚¹34.6 cr vs â‚¹31.6 cr (YoY)

â–¶ï¸Margin at 33.7% vs 34.2% (YoY)",ICRA,ICRA Limited,Miscellaneous,Miscellaneous,EQ,13-Apr-07,10,1,INE725G01011,10,0.0,0.066,0.934,0.4404,18,5680.0,5874.0,5621.0,5620.0,5620.0,31101,6732.12998046875,6861.7,6581.57998046875,6714.12998046875,6696.12998046875,21238.8,bullish
19,19,215,2023-08-03,"KEC International wins new orders worth Rs 1,065 crore across its various businesses",KEC,KEC International Limited,Power - Transmission & Equipment,Power - Transmission & Equipment,EQ,10-Mar-06,2,1,INE389H01022,2,0.0,0.337,0.663,0.6808,19,645.5999755859375,658.9000244140625,634.4000244140625,646.2000122070312,646.2000122070312,1550686,773.7299926757812,792.0900024414062,756.7800048828125,764.2699829101563,764.2699829101563,2399043.0,bullish
20,20,216,2023-08-03,"KEC International reports #Q1 earnings.

â–¶ï¸Net profit at up 36.5% at â‚¹42.3 cr vs â‚¹31 cr (YoY)
â–¶ï¸Revenue up 27.9% at â‚¹4,243.6 cr vs â‚¹3,318.1 cr (YoY)
â–¶ï¸EBITDA up 45% at â‚¹244.4 cr vs â‚¹168.5 cr (YoY)
â–¶ï¸EBITDA margin at 5.8% vs 5.1% (YoY)",KEC,KEC International Limited,Power - Transmission & Equipment,Power - Transmission & Equipment,EQ,10-Mar-06,2,1,INE389H01022,2,0.0,0.063,0.937,0.4404,20,645.5999755859375,658.9000244140625,634.4000244140625,646.2000122070312,646.2000122070312,1550686,773.7299926757812,792.0900024414062,756.7800048828125,764.2699829101563,764.2699829101563,2399043.0,bullish
21,21,225,2023-08-05,"CESC reports Q1 earnings

- Net profit up 21.3% at Rs 347 cr vs Rs 286 cr (YoY)

- Revenue up 5.1% at Rs 4,310 vs Rs 4,102 cr (YoY)

- EBITDA up 38.2% at Rs 724 cr vs Rs 650 cr (YoY)

- EBITDA margin at 16.8% vs 15.9% (YoY)",CESC,CESC Limited,Power - Generation & Distribution,Power - Generation & Distribution,EQ,08-Feb-95,1,1,INE486A01021,1,0.0,0.059,0.941,0.4404,21,78.5999984741211,80.3499984741211,77.69999694824219,78.80000305175781,76.32201385498047,8062523,92.71000061035156,94.78000183105468,91.62000122070312,92.96000213623049,90.03673248291015,8171640.8,bearish
22,22,260,2023-08-07,"GHCL reports #Q1 earnings

â­•ï¸ Net profit up 32.6% at â‚¹426.3 cr vs â‚¹321.5 cr (YoY)

â­•ï¸ Revenue down 11.4% at â‚¹1,017 cr vs â‚¹1,148 cr (YoY)

â­•ï¸ EBITDA down 17.1% at â‚¹298 cr vs â‚¹359.2 cr (YoY)

â­•ï¸ Margin at 23.9% vs 31.3% (YoY)",GHCL,GHCL Limited,Chemicals,Chemicals,EQ,31-Jul-03,10,1,INE539A01019,10,0.0,0.062,0.938,0.4404,22,547.7000122070312,561.4000244140625,532.0999755859375,543.7000122070312,543.7000122070312,1562433,645.8200073242188,658.55,637.3300048828125,648.2,648.2,674823.2,bearish
23,23,266,2023-08-07,"GNFC reports #Q1 earnings. 

â–¶ï¸Net profit down 84.6% at â‚¹88 cr vs â‚¹572 cr (YoY)
â–¶ï¸Revenue down 38.7% at â‚¹1,652 cr vs â‚¹2,696 cr (YoY)
â–¶ï¸EBITDA down 86.2% at â‚¹105 cr vs â‚¹763 cr (YoY)
â–¶ï¸Margin at 6.4% vs 28.3% (YoY)",GNFC,Gujarat Narmada Valley Fertilizers and Chemicals Limited,Fertilisers,Fertilisers,EQ,17-May-95,10,1,INE113A01013,10,0.0,0.068,0.932,0.4404,23,585.75,588.5,542.9000244140625,559.7000122070312,533.9014282226562,2998908,708.860009765625,717.9599975585937,694.3799926757813,703.1400146484375,670.7297729492187,2028693.4,bearish
24,24,277,2023-08-07,#SEBI cancels the registration of MMTC as a stock broker for its involvement in illegal â€˜paired contractâ€™ in case pertaining to defunct National Spot Exchange,MMTC,MMTC Limited,Trading,Trading,EQ,09-Apr-12,1,1,INE123F01029,1,0.2,0.0,0.8,-0.6705,24,37.84999847412109,38.09999847412109,35.599998474121094,37.5,37.5,2427255,44.69000015258789,46.17999954223633,43.66999969482422,45.18999938964844,45.18999938964844,11511581.4,bearish
25,25,284,2023-08-07,"BEML Limited gets the Letter of Acceptance from Bangalore Metro Rail Corporation (#BMRC) for the supply of rolling stock contract 5RS-DM worth approx. Rs. 3,177 crores",BEML,BEML Limited,Infrastructure - General,Infrastructure - General,EQ,05-Nov-03,10,1,INE258A01016,10,0.064,0.164,0.772,0.4588,25,2012.949951171875,2017.0,2026.8499755859373,2004.699951171875,1997.2120361328125,420071,2385.989990234375,2482.07001953125,2326.319995117188,2419.7300048828124,2410.6918212890623,1530382.4,bullish
26,26,287,2023-08-08,TCS partners with Indian Government for Government e-Marketplace (#GeM) platform,TCS,Tata Consultancy Services Limited,Computers,Computers,EQ,25-Aug-04,1,1,INE467B01029,1,0.0,0.0,1.0,0.0,26,3484.050048828125,3489.949951171875,3425.050048828125,3470.60009765625,3420.813720703125,1634225,4121.839990234375,4157.719970703125,4099.1400390625,4138.17001953125,4078.80732421875,2326804.8,bearish
27,27,288,2023-08-08,"M&M July vehicle production up 26.7% at 69,877 units vs 55,139 units (YoY)",M&M,Mahindra & Mahindra Limited,Auto,Auto,EQ,03-Jan-96,5,1,INE101A01026,5,0.0,0.0,1.0,0.0,27,1530.0,1534.0,1492.25,1499.699951171875,1499.699951171875,3426948,1790.7099853515624,1814.0,1752.9099853515625,1787.810009765625,1787.810009765625,6069072.6,bullish
28,28,292,2023-08-08,"GAIL | Pune Commissioner (Appeals) drops entire customs duty demand of â‚¹934 cr

Alert: Customs Authority, Pune had demanded â‚¹934 cr from GAIL for September 2017-March 2022

It will result in reduction of contingent liability by an amount of â‚¹934 cr, say co",GAIL,GAIL (India) Limited,Oil Drilling And Exploration,Oil Drilling And Exploration,EQ,02-Apr-97,10,1,INE129A01019,10,0.114,0.077,0.81,-0.1779,28,114.3000030517578,116.6999969482422,115.5999984741211,116.4000015258789,112.87467193603516,16636302,140.5199996948242,142.00999908447267,137.88999786376954,139.64000091552734,135.41082000732422,22817355.2,bullish
29,29,311,2023-08-08,"#MarketAtClose | Adani Ports fails to hold gains seen post earnings, closes 3% off highs

Hindalco closes the session with a cut of 2%, earnings beat estimates

Coal India, Siemens & NMDC close in the red ahead of quarterly earnings

Gland Pharma surges 20% on strong quarterly results",NMDC,NMDC Limited,Mining & Minerals,Mining & Minerals,EQ,03-Mar-08,1,1,INE584A01023,1,0.095,0.11,0.795,0.2023,29,112.6999969482422,113.1999969482422,111.0999984741211,111.3000030517578,106.071533203125,6796305,137.8300003051758,138.40999755859374,135.40999908447264,136.18000030517578,129.7827621459961,11149574.8,bullish
30,30,364,2023-08-10,Mirza Intl says Redtape gets BSE & NSE nod to list on exchanges,BSE,BSE Limited,,,EQ,03-Feb-17,2,1,INE118H01025,2,0.0,0.0,1.0,0.0,30,918.0,925.0,891.0,892.4500122070312,892.4500122070312,5841846,1042.4,1066.1300048828125,1025.3,1053.1099975585937,1050.7099975585938,3545691.4,bullish
31,31,365,2023-08-11,"#MSCI Global Standard Index Review: PFC, REC, IDFC First among eight inclusions, ACC excluded",ACC,ACC Limited,Cement - Major,Cement - Major,EQ,20-Nov-96,10,1,INE012A01025,10,0.156,0.0,0.844,-0.34,31,1947.050048828125,1973.300048828125,1905.0,1953.6500244140625,1953.6500244140625,651697,2407.27001953125,2422.6000244140623,2369.610009765625,2395.3,2395.3,479244.2,bearish
32,32,366,2023-08-11,"#MSCI releases list of Stocks as part of August Global Standard Index review effective Sep 1, 2023

INCLUSIONS: PFC, REC, Astral, Cummins, Ashok Leyland, Supreme Industries, IDFC First Bank & HDFC AMC

EXCLUSIONS: ACC",ACC,ACC Limited,Cement - Major,Cement - Major,EQ,20-Nov-96,10,1,INE012A01025,10,0.0,0.178,0.822,0.7717,32,1947.050048828125,1973.300048828125,1905.0,1953.6500244140625,1953.6500244140625,651697,2407.27001953125,2422.6000244140623,2369.610009765625,2395.3,2395.3,479244.2,bearish
33,33,372,2023-08-11,"NBCC reports #Q1 earnings.

â–¶ï¸Net profit at â‚¹75 cr vs loss of â‚¹6.3 cr (YoY)
â–¶ï¸Revenue up 7.1% at â‚¹1,913.8 cr vs â‚¹1,786.7 cr (YoY)
â–¶ï¸EBITDA up 32.5% at â‚¹53.1 cr vs â‚¹40.1 cr (YoY)
â–¶ï¸EBITDA margin at 2.8% vs 2.2% (YoY)",NBCC,NBCC (India) Limited,Construction,Construction,EQ,12-Apr-12,1,1,INE095N01031,1,0.051,0.064,0.885,0.1531,33,49.400001525878906,51.20000076293945,46.59999847412109,48.75,48.23833847045898,45919912,57.37000045776367,59.24000015258789,56.27000122070312,57.8,57.19335479736328,34210485.2,bearish
34,34,381,2023-08-11,"NCC reports #Q1 earnings

- Net profit up 33.9% at â‚¹173.5 cr vs â‚¹129.6 cr (YoY)

- Revenue up 31.9% at â‚¹4,380.4 cr vs â‚¹3,321.4 cr (YoY)

- EBITDA up 32.9% at â‚¹409.2 cr vs â‚¹307.9 cr (YoY)

- Margin Flat At 9.3% (YoY)",NCC,NCC Limited,Construction & Contracting - Civil,Construction & Contracting - Civil,EQ,14-Oct-03,2,1,INE868B01028,2,0.0,0.069,0.931,0.4404,34,160.10000610351562,162.0,149.0,154.89999389648438,152.701416015625,5098511,186.3,189.02999877929688,182.4499969482422,185.87000122070316,183.23184814453128,4723302.6,bearish
35,35,387,2023-08-11,"FACT Q1

-Net profit down 47.6% at â‚¹71.8 cr vs â‚¹137 cr (YoY)
-Revenue down 4.6% at â‚¹1,232.6 cr vs â‚¹1,292.4 cr (YoY)
-EBITDA down 19.6% at â‚¹147 Cr vs â‚¹183 Cr (YoY)
-EBITDA margin at 12% vs 14.1% (YoY)",FACT,Fertilizers and Chemicals Travancore Limited,Fertilisers,Fertilisers,EQ,12-Apr-95,10,1,INE188A01015,10,0.0,0.069,0.931,0.4404,35,451.0,456.8999938964844,416.2999877929688,444.25,443.4043884277344,426124,564.5,569.8600036621094,551.5599975585938,557.1899963378906,556.1294006347656,698246.8,bearish
36,36,388,2023-08-11,"KCP reports #Q1 earnings

- Net profit up 14.8% at â‚¹49.4 cr vs â‚¹43 cr (YoY)

- Revenue up 31.4% at â‚¹744.1 cr vs â‚¹566.4 cr (YoY)

- EBITDA up 3.9% at â‚¹67.4 cr vs â‚¹65 cr (YoY)

- EBITDA margin at 9.1% vs 11.5% (YoY)",KCP,KCP Limited,Cement - Major,Cement - Major,EQ,09-Apr-97,1,1,INE805C01028,1,0.0,0.066,0.934,0.4404,36,117.0,119.8000030517578,115.0,117.8499984741211,117.8499984741211,267839,145.45999908447266,148.15999908447264,141.45999908447266,144.63999938964844,144.56167602539062,637591.6,bearish
37,37,400,2023-08-11,"ACE Q1

-Net Profit up 55.2% at â‚¹67.5 cr vs â‚¹44 cr (YoY)
-Revenue up 31.0% at â‚¹651.6 cr vs â‚¹497.7 cr (YoY)
-EBITDA at â‚¹81.6 cr vs â‚¹40.6 cr (YoY)
-EBITDA Margin at 12.5% Vs 8.2% (YoY)",ACE,Action Construction Equipment Limited,Engineering - Heavy,Engineering - Heavy,EQ,26-Sep-06,2,1,INE731H01025,2,0.0,0.073,0.927,0.4404,37,774.9500122070312,786.0,765.0,761.5,760.5279541015625,475967,905.5300048828124,929.1300048828124,888.3299926757812,907.2099975585936,906.0519409179688,521306.2,bullish
38,38,406,2023-08-13,"ABB India reports #Q2 earnings. 

â–¶ï¸Net profit at â‚¹295.6 cr vs â‚¹140.3 cr (YoY)
â–¶ï¸Revenue up 22.2% at â‚¹2,508.6 cr vs â‚¹2,052.5 cr (YoY)
â–¶ï¸EBITDA up 75.4% at â‚¹348.7 cr vs â‚¹198.8 cr (YoY)
â–¶ï¸Margin at 13.9% vs 9.7% (YoY)",ABB,ABB India Limited,Electric,Electric,EQ,08-Feb-95,2,1,INE117A01022,2,0.0,0.069,0.931,0.4404,38,4516.5498046875,4559.0,4254.2001953125,4526.64990234375,4504.80810546875,212151,5368.7,5440.82001953125,5311.05,5398.67001953125,5372.6203125,272116.4,bearish
39,39,426,2023-08-14,"PVR Inox says it has achieved the feat of highest ever admissions and box office in a single day across its circuit on August 13, 2023. It saw 12.8 lac guests and earned Gross box office revenue of Rs 39.5 crore",PVR,PVR Limited,Media & Entertainment,Media & Entertainment,EQ,04-Jan-06,10,1,INE191H01014,10,0.074,0.0,0.926,-0.4767,39,0.0,0.0,0.0,0.0,0.0,0,0.0,0.0,0.0,0.0,0.0,0.0,unknown
40,40,440,2023-08-14,"DCW reports #Q1 earnings

- Net profit down 83% at â‚¹10 cr vs â‚¹58.7 cr (YoY)

- Revenue down 43% at â‚¹438 cr vs â‚¹768.6 cr (YoY)

- EBITDA down 58% at â‚¹51.1 cr vs â‚¹121.7 cr (YoY)

- Margin at 11.7% vs 15.8% (YoY)",DCW,DCW Limited,Petrochemicals,Petrochemicals,EQ,25-May-95,2,1,INE500A01029,2,0.0,0.068,0.932,0.4404,40,47.29999923706055,48.5,46.20000076293945,47.650001525878906,47.38914489746094,6471298,57.85,58.48000106811524,56.26999969482422,57.45000076293945,57.13549423217773,3019829.8,bullish
41,41,460,2023-08-16,"#JustIN | Tejas Networks receives purchase order of Rs 7,492 cr from TCS to supply radio access network equipment to BSNL",TCS,Tata Consultancy Services Limited,Computers,Computers,EQ,25-Aug-04,1,1,INE467B01029,1,0.0,0.0,1.0,0.0,41,3450.0,3466.0,3413.199951171875,3458.39990234375,3408.788818359375,1328445,4145.55,4161.899951171875,4114.380029296875,4146.450048828125,4086.968603515625,1744871.8,bearish
42,42,463,2023-08-16,"NMDC cuts lump ore & fines prices by Rs 300/tonne each

ðŸ”´Cuts lump ore price by Rs 300 to Rs 4,650/tonne

ðŸ”´Cuts fines price by Rs 300 to Rs 3,910/tonne",NMDC,NMDC Limited,Mining & Minerals,Mining & Minerals,EQ,03-Mar-08,1,1,INE584A01023,1,0.073,0.0,0.927,-0.296,42,118.75,119.0999984741211,115.5,117.25,111.74201965332033,14601680,137.0199996948242,138.6699996948242,135.1700012207031,137.46999969482422,131.0121597290039,16314883.6,bearish
43,43,470,2023-08-16,"#MarketAtClose | Hind Copper slides over 6% after reporting a weak set of earnings for Q1

IndiGo ends nearly 4% lower as Gangwal Family likely to have sold 4% stake

Indus Tower takes a sharp knock as Voda Ideaâ€™s losses expand in Q1, down 6%

Crompton, Coforge, Voda Idea, RBL Bank, sail are top Midcap losers",RBL,Rane Brake Lining Limited,Auto Ancillaries,Auto Ancillaries,EQ,20-Jun-08,10,1,INE244J01017,10,0.18,0.066,0.754,-0.7964,43,777.0999755859375,777.0999755859375,763.0,760.7000122070312,760.7000122070312,18229,924.3799926757812,937.0099975585938,910.3800048828124,924.2699829101564,924.2699829101564,29244.6,bullish
44,44,489,2023-08-17,"RCF gets environmental clearance for new Nano Urea fertiliser plant at Chembur, Mumbai",RCF,Rashtriya Chemicals and Fertilizers Limited,Fertilisers,Fertilisers,EQ,07-Jan-98,10,1,INE027A01015,10,0.0,0.0,1.0,0.0,44,108.0500030517578,113.6500015258789,108.5,111.1999969482422,108.61881256103516,5914574,133.75999908447267,135.87000122070313,131.88000030517577,133.52999877929688,130.43048858642578,3916522.2,bearish
45,45,497,2023-08-18,"Pune excise commissioner imposes Rs 14.31 Lakh penalty w.r.t Mahindra Veh Manufacturers

M&M says, hopeful of a favourable outcome at the appellate level, the Pune excise order wonâ€™t have any material financial impact on the company",M&M,Mahindra & Mahindra Limited,Auto,Auto,EQ,03-Jan-96,5,1,INE101A01026,5,0.111,0.083,0.806,-0.0258,45,1568.75,1582.550048828125,1531.75,1552.6500244140625,1552.6500244140625,2202570,1865.760009765625,1880.2000244140625,1846.4400146484372,1867.089990234375,1867.089990234375,2964156.4,bearish
46,46,525,2023-08-21,"#MarketAtClose | PVR Inox closes lower despite huge collections by movies, down 1%

PNB Housing rises 3.5% on recovery of â‚¹784 cr from a corp non-performing a/c",PNB,Punjab National Bank,Banks - PSU,Banks - PSU,EQ,24-Apr-02,2,1,INE160A01022,2,0.153,0.0,0.847,-0.4874,46,63.0,63.04999923706055,62.29999923706055,62.34999847412109,62.34999847412109,22537361,74.8,75.81999969482422,73.87000045776367,74.99999923706055,74.99999923706055,59410212.2,bullish
47,47,526,2023-08-21,"Market builds on to opening gains to close near dayâ€™s high

#ensex rises 267 points to 65,216 & #Nifty 83 points to 19,394

Nifty Bank gains 151 points to 44,002 & Midcap Index 311 points to 38,126

IT, metals & select financials lift Nifty while Reliance, M&M drag",M&M,Mahindra & Mahindra Limited,Auto,Auto,EQ,03-Jan-96,5,1,INE101A01026,5,0.036,0.196,0.768,0.8074,47,1546.0,1552.6500244140625,1534.75,1538.550048828125,1538.550048828125,1487526,1868.060009765625,1879.52001953125,1846.4300048828125,1865.7199951171876,1865.7199951171876,2541540.2,bullish
48,48,547,2023-08-30,"NTPC approves Rs 15,530 cr investment for Lara Super Thermal Power Project",NTPC,NTPC Limited,Power - Generation & Distribution,Power - Generation & Distribution,EQ,05-Nov-04,10,1,INE733E01010,10,0.0,0.398,0.602,0.765,48,222.0,222.0,218.75,220.3999938964844,216.8306884765625,5490930,265.1699981689453,266.0399993896484,262.6199981689453,264.1299987792969,259.8524963378906,10249274.2,bearish
49,49,564,2023-09-12,"BSE companies erase market cap of nearly Rs 6 lk cr on Tuesday

Midcap underperformance keeps mkt breadth in favour of declines

NSE advance-decline ratio is at 1:8",BSE,BSE Limited,,,EQ,03-Feb-17,2,1,INE118H01025,2,0.0,0.1,0.9,0.4404,49,1372.0,1382.800048828125,1218.8499755859375,1298.050048828125,1298.050048828125,3569232,1507.5699951171875,1576.0,1452.830029296875,1527.139990234375,1527.139990234375,4828104.2,bullish
50,50,565,2023-09-12,"Firstsource slips 8% despite company holding investor day

L&T Fin slips 3% as Bain Capital likely to have sold 2.6% stake via block deals

BEL closes with a cut of over 7% as a brokerage downgrades the stock",BEL,Bharat Electronics Limited,Computers - Hardware,Computers - Hardware,EQ,19-Jul-00,1,1,INE263A01024,1,0.128,0.0,0.872,-0.6124,50,144.60000610351562,144.9499969482422,133.3000030517578,134.14999389648438,133.1666259765625,48752780,169.95000305175782,172.00999755859374,166.28000183105468,168.0,166.76848754882812,25103934.8,bullish
51,51,566,2023-09-12,"All power stocks (large & midcaps) see a sharp fall, PFC, REC down 8% each

Oil marketing cos are amongst top losers, stocks down 4-5%

BHEL is top midcap loser, down more than 10% after block deals",BHEL,Bharat Heavy Electricals Limited,Engineering - Heavy,Engineering - Heavy,EQ,11-Nov-03,2,1,INE257A01026,2,0.224,0.083,0.693,-0.7964,51,141.4499969482422,141.5,121.5999984741211,125.6500015258789,125.6500015258789,86077435,168.08999938964843,171.58999938964843,161.68999938964845,164.49000091552733,164.49000091552733,67674919.2,bullish
52,52,583,2023-09-13,"KEC International bags order worth Rs 1,145 cr in Saudi Arabia",KEC,KEC International Limited,Power - Transmission & Equipment,Power - Transmission & Equipment,EQ,10-Mar-06,2,1,INE389H01022,2,0.0,0.16,0.84,0.2263,52,720.0,747.7000122070312,669.6500244140625,683.1500244140625,683.1500244140625,6245286,822.760009765625,832.5000122070312,795.3199829101562,812.1200073242187,812.1200073242187,1558257.8,bearish
53,53,589,2023-09-13,#JustIn | NBCC bags order worth Rs 180 crore from SAIL,NBCC,NBCC (India) Limited,Construction,Construction,EQ,12-Apr-12,1,1,INE095N01031,1,0.0,0.174,0.826,0.2263,53,54.95000076293945,57.0,57.70000076293945,56.29999923706055,56.29999923706055,19877603,71.2,72.77000045776367,68.68000030517578,69.91999969482421,69.91999969482421,40348554.8,bullish
54,54,597,2023-09-14,"NBCC up more than 8% on Rs 180 
 cr order win, MoU to monetize non-core assets of RINL Vizag",NBCC,NBCC (India) Limited,Construction,Construction,EQ,12-Apr-12,1,1,INE095N01031,1,0.0,0.244,0.756,0.6705,54,59.0,63.5,59.650001525878906,60.650001525878906,60.650001525878906,118084732,70.66999969482421,72.75000076293945,68.42000045776368,70.09000015258789,70.09000015258789,47069488.2,bearish
55,55,606,2023-09-18,VA Tech WABAG enters in MoU with Al Jomaih Energy & Water for PPP Projects,WABAG,VA Tech Wabag Limited,Engineering,Engineering,EQ,13-Oct-10,2,1,INE956G01038,2,0.0,0.139,0.861,0.2732,55,470.0499877929688,480.0,465.0,473.75,473.75,476282,565.55,572.05,553.8799987792969,560.4799987792969,560.4799987792969,479577.8,bearish
56,56,615,2023-09-18,"HDFC AMC | NSE, BSE approve reclassification of abrdn Investment Management from promoter to public",BSE,BSE Limited,,,EQ,03-Feb-17,2,1,INE118H01025,2,0.0,0.0,1.0,0.0,56,1246.0,1293.8499755859375,1176.050048828125,1246.3499755859375,1246.3499755859375,1065129,1564.2800048828126,1617.9199951171877,1510.8800048828125,1553.9699951171874,1553.9699951171874,2544534.6,bearish
57,57,616,2023-09-18,"#MarketAtClose | Chola Invst under pressure ahead of QIP, down more than 2%

Chemical names fall on dip in prices, GNFC is top loser, down 5%

Titan sees buying ahead of quarterly data, rises to record high

Market breadth favours declines, advance-decline ratio at 2:3",GNFC,Gujarat Narmada Valley Fertilizers and Chemicals Limited,Fertilisers,Fertilisers,EQ,17-May-95,10,1,INE113A01013,10,0.112,0.092,0.797,-0.25,57,620.8499755859375,627.0,602.25,617.9500122070312,617.9500122070312,1751072,771.8799926757813,781.3700073242187,757.1900024414062,769.3599975585937,739.594140625,2391061.2,bearish
58,58,617,2023-09-18,"#MarketAtClose | IT stocks close largely in the red on negative cues, persistent top loser

Vodafone idea fails to hold gains as co denies reports of deal talks

PVR Inox extends losses on demand w.r.t concerns ahead of World Cup",PVR,PVR Limited,Media & Entertainment,Media & Entertainment,EQ,04-Jan-06,10,1,INE191H01014,10,0.321,0.108,0.57,-0.9042,58,0.0,0.0,0.0,0.0,0.0,0,0.0,0.0,0.0,0.0,0.0,0.0,unknown
59,59,630,2023-09-20,#SJVN Share Price: PFC may fund 70% of Rs 1.19 lakh crore renewable energy projects,PFC,Power Finance Corporation Limited,Finance,Finance,EQ,23-Feb-07,10,1,INE134E01011,10,0.0,0.249,0.751,0.5106,59,231.1999969482422,234.63999938964844,225.25,229.5200042724609,222.7217254638672,24146948,275.9760009765625,279.6480010986328,267.6320007324219,271.09600219726565,263.06626586914064,27584130.2,bullish
60,60,634,2023-09-20,"ABB to launch electric powertrain system for ArcelorMittal Nippon Steel's new steel mill in Hazira, Gujarat",ABB,ABB India Limited,Electric,Electric,EQ,08-Feb-95,2,1,INE117A01022,2,0.0,0.0,1.0,0.0,60,4302.0,4427.89990234375,4260.0,4329.0498046875,4313.6318359375,275335,5297.98994140625,5332.63994140625,5178.3400390625,5227.58994140625,5208.97158203125,307601.0,bearish
61,61,643,2023-09-21,BPCL issues a corporate guarantee for a $200 million loan availed by subsidiary,BPCL,Bharat Petroleum Corporation Limited,Refineries,Refineries,EQ,13-Sep-95,10,1,INE029A01011,10,0.0,0.167,0.833,0.25,61,353.0,358.5,351.3500061035156,355.25,339.22369384765625,4939771,425.1600036621094,430.6699951171875,421.64000244140624,426.95,407.6890930175781,7039304.6,bearish
62,62,647,2023-09-21,"ABB India bags power, propulsion and automation systems order order from Samskip Group for hydrogen-powered container vessels",ABB,ABB India Limited,Electric,Electric,EQ,08-Feb-95,2,1,INE117A01022,2,0.0,0.0,1.0,0.0,62,4345.0,4356.2001953125,4165.0,4276.2001953125,4260.97021484375,146287,5238.6099609375,5275.5,5153.5400390625,5202.45,5183.92119140625,250202.6,bearish
63,63,656,2023-09-21,Govt to exercise #GreenshoeOption for SJVN #OFS,SJVN,SJVN Limited,Power - Generation & Distribution,Power - Generation & Distribution,EQ,20-May-10,10,1,INE002L01015,10,0.0,0.0,1.0,0.0,63,74.80000305175781,75.44999694824219,69.3499984741211,71.05000305175781,70.38652038574219,140188157,90.35999908447266,94.58999938964844,87.76999969482422,91.61000061035156,90.172998046875,118388310.0,bullish
64,64,664,2023-09-22,"NCC JV bags orders worth â‚¹6,301 cr, co's share at â‚¹3,214 cr",NCC,NCC Limited,Construction & Contracting - Civil,Construction & Contracting - Civil,EQ,14-Oct-03,2,1,INE868B01028,2,0.0,0.291,0.709,0.4767,64,149.1999969482422,151.6999969482422,148.0,150.3000030517578,150.3000030517578,11487027,178.82000122070312,184.5099975585937,175.60999755859376,178.98999938964843,178.98999938964843,12963104.6,bearish
65,65,687,2023-09-25,TCS expands partnership with Standard Banks Group for custody & settlement operations,TCS,Tata Consultancy Services Limited,Computers,Computers,EQ,25-Aug-04,1,1,INE467B01029,1,0.0,0.123,0.877,0.1027,65,3602.5,3620.0,3536.0,3577.14990234375,3525.835205078125,1238778,4300.5900390625,4342.080029296875,4273.87998046875,4315.319970703125,4253.415966796875,2245996.0,bullish
66,66,690,2023-09-25,"MCX set to go live on new tech platform on Oct 1, say sources",MCX,Multi Commodity Exchange of India Limited,Printing & Stationery,Printing & Stationery,EQ,09-Mar-12,10,1,INE745G01035,10,0.0,0.0,1.0,0.0,66,1785.0,1952.199951171875,1898.050048828125,1902.300048828125,1902.300048828125,3782787,2117.95,2184.639990234375,2089.660009765625,2135.7600341796874,2135.7600341796874,1425249.8,bearish
67,67,712,2023-09-28,DCM Shriram secures â‚¹200 cr Sustainability Linked Loan (SLL) from HSBC India,DCM,DCM  Limited,Diversified,Diversified,EQ,29-Mar-95,10,1,INE498A01018,10,0.0,0.173,0.827,0.3182,67,73.5999984741211,88.3499984741211,92.75,88.3499984741211,88.3499984741211,1338155,88.93999938964843,92.32000122070312,87.13000183105468,91.36999969482422,91.36999969482422,296760.6,bullish
68,68,718,2023-09-28,KP Energy gets notification of award from NTPC Renewable Energy Limited for a power transmission project,NTPC,NTPC Limited,Power - Generation & Distribution,Power - Generation & Distribution,EQ,05-Nov-04,10,1,INE733E01010,10,0.092,0.374,0.534,0.7003,68,239.6000061035156,241.1999969482422,239.5,237.0500030517578,233.2110595703125,32887087,287.4100006103516,289.4699981689453,284.56000061035155,286.6199981689453,281.9782775878906,15723937.4,bullish
69,69,729,2023-09-29,Likhitha Infrastructure bags order worth â‚¹155.9 cr from BPCL,BPCL,Bharat Petroleum Corporation Limited,Refineries,Refineries,EQ,13-Sep-95,10,1,INE029A01011,10,0.0,0.192,0.808,0.2263,69,345.75,348.1499938964844,340.8500061035156,346.6000061035156,330.96392822265625,1334935,421.0499938964844,423.4400024414063,416.7799987792969,419.0100036621094,400.1072998046875,3107110.8,bearish
70,70,731,2023-09-29,"Sterling & Wilson Renewable Energy bags new order worth Rs 1,535 cr from NTPC REL in Khavda, Gujarat",NTPC,NTPC Limited,Power - Generation & Distribution,Power - Generation & Distribution,EQ,05-Nov-04,10,1,INE733E01010,10,0.0,0.211,0.789,0.4588,70,239.5500030517578,251.5,240.5500030517578,245.5500030517578,241.57339477539065,35038887,287.31000061035155,291.18999938964845,285.0399993896484,287.93999938964845,283.276904296875,20704767.4,bearish
71,71,733,2023-09-29,"SEBI has advised MCX & MCXCCL to furnish detailed comments on issues w.r.t Chennai Financial  Markets and Accountability by Oct 3, will place detailed documents before the SEBI Technical Advisory Committee meeting",MCX,Multi Commodity Exchange of India Limited,Printing & Stationery,Printing & Stationery,EQ,09-Mar-12,10,1,INE745G01035,10,0.0,0.0,1.0,0.0,71,1970.0,2139.949951171875,1948.300048828125,2049.699951171875,2049.699951171875,9450888,2260.9800048828124,2385.3099609375,2229.2400146484374,2334.140014648437,2334.140014648437,4757111.4,bearish
72,72,734,2023-09-29,IOC to give corporate guarantee up to $155 million for I0C Global Capital Management IFSC,IOC,Indian Oil Corporation Limited,Refineries,Refineries,EQ,24-Jul-96,10,1,INE242A01010,10,0.0,0.125,0.875,0.25,72,90.5999984741211,91.1500015258789,89.80000305175781,90.9499969482422,86.53279876708984,7353379,110.19000091552736,110.74000091552736,109.11000061035156,109.46999969482422,104.15333862304688,14540619.8,bearish
73,73,743,2023-09-29,Indus Towers signs agreement with IOC Phinergy for the deployment of clean energy systems based on aluminium-air technology,IOC,Indian Oil Corporation Limited,Refineries,Refineries,EQ,24-Jul-96,10,1,INE242A01010,10,0.0,0.348,0.652,0.7906,73,90.5999984741211,91.1500015258789,89.80000305175781,90.9499969482422,86.53279876708984,7353379,110.19000091552736,110.74000091552736,109.11000061035156,109.46999969482422,104.15333862304688,14540619.8,bearish
74,74,761,2023-10-04,"Madras High Court to hear Chennai Financial Markets And Accountability's case against #MCX on November 29. CFMA filed a petition in Madras HC w.r.t technical issue in MCX platforms

Alert: SEBI asked MCX to keep the new platform shift in abeyance on CFMA's plea",MCX,Multi Commodity Exchange of India Limited,Printing & Stationery,Printing & Stationery,EQ,09-Mar-12,10,1,INE745G01035,10,0.0,0.05,0.95,0.296,74,1957.0,1976.75,1913.1500244140625,1929.4000244140625,1929.4000244140625,1838495,2350.3800048828125,2439.9599609375,2303.2000244140627,2374.1800048828127,2374.1800048828127,4745295.2,bullish
75,75,762,2023-10-04,"MCX in focus
Madras HC to now hear the plea filed by CFMA On November 29
Alert: MCXâ€™s agreement with 63 Moons is valid till December end",MCX,Multi Commodity Exchange of India Limited,Printing & Stationery,Printing & Stationery,EQ,09-Mar-12,10,1,INE745G01035,10,0.0,0.178,0.822,0.6597,75,1957.0,1976.75,1913.1500244140625,1929.4000244140625,1929.4000244140625,1838495,2350.3800048828125,2439.9599609375,2303.2000244140627,2374.1800048828127,2374.1800048828127,4745295.2,bullish
76,76,775,2023-10-04,"Market at close | Ramco cements is top midcap gainer, rises 4% to hit record high

Market breadth favours declines, NSE advance-decline ratio at 1:3

BSE companies erase market cap of more than Rs 2.50 lakh cr on Wednesday",BSE,BSE Limited,,,EQ,03-Feb-17,2,1,INE118H01025,2,0.0,0.113,0.887,0.5574,76,1304.0,1330.0,1286.75,1280.300048828125,1280.300048828125,948340,1542.2,1585.45,1510.760009765625,1551.189990234375,1551.189990234375,1625095.4,bullish
77,77,776,2023-10-04,"Market at close | Strides pharma moves 3% higher on US FDA approval for HIV medicines

NBFC names fall the most amongst midcaps, indiabulls hsg, M&M fin, l&t fin top losers

Gold slide weighs on Muthoot & Manappuram Fin, stocks see a fall of 2-5%",M&M,Mahindra & Mahindra Limited,Auto,Auto,EQ,03-Jan-96,5,1,INE101A01026,5,0.072,0.104,0.825,0.128,77,1531.800048828125,1537.9000244140625,1513.050048828125,1522.0999755859375,1522.0999755859375,2580901,1896.6499755859372,1903.1,1858.8300048828123,1870.839990234375,1870.839990234375,2622659.2,bullish
78,78,791,2023-10-09,"Hero Moto slips nearly 3% as Delhi police registers FIR in a old case

MCX surges on SEBIâ€™S nod to shift to new platform, stock hit record high

Delta corp sees short covering, closes amongst top midcap gainers, up 3%",MCX,Multi Commodity Exchange of India Limited,Printing & Stationery,Printing & Stationery,EQ,09-Mar-12,10,1,INE745G01035,10,0.0,0.127,0.873,0.6597,78,2104.949951171875,2150.0,2072.10009765625,2078.949951171875,2078.949951171875,6054481,2394.569995117188,2465.47998046875,2338.980029296875,2400.7099853515624,2400.7099853515624,5037551.0,bullish
79,79,792,2023-10-09,"Healthy Q2 updates lifts metropolis, stocks ends the session 2% higher

Oil India surges 5% while ONGC gains 1% amid a sharp rise in crude

Crude rise weighs on oil marketing cos, all 3 cos (IOC, HPCL, BPCL) slip 2% each",ONGC,Oil & Natural Gas Corporation Limited,Oil Drilling,Oil Drilling,EQ,19-Jul-95,5,1,INE213A01029,5,0.156,0.107,0.737,-0.5106,79,182.8999938964844,184.6999969482422,182.0500030517578,181.6999969482422,173.87454223632812,14622727,221.9799987792969,223.6700012207031,219.35,220.9100006103516,211.3958526611328,14615059.0,bullish
80,80,804,2023-10-10,"Adani grp stocks see recovery in-line with mkt, grp adds Rs21,000 cr mkt cap

Adani ports moves 4% higher following positive brokerage notes

DRL closes in the red but off lows as co faces revlimid patent dispute

BSE companies gain market cap of more than Rs3 lakh cr on Tuesday",BSE,BSE Limited,,,EQ,03-Feb-17,2,1,INE118H01025,2,0.098,0.118,0.784,0.2846,80,1407.949951171875,1472.0,1449.0,1434.4000244140625,1434.4000244140625,2682471,1599.17998046875,1659.8,1583.4900146484374,1624.8199951171875,1624.8199951171875,2103440.4,bullish
81,81,812,2023-10-10,"MCX announces going live on the new platform from October 16. And for the same, a mock session will be conducted on October 15",MCX,Multi Commodity Exchange of India Limited,Printing & Stationery,Printing & Stationery,EQ,09-Mar-12,10,1,INE745G01035,10,0.113,0.0,0.887,-0.4215,81,2095.449951171875,2119.0,2127.0,2099.800048828125,2099.800048828125,1137686,2419.6599853515627,2461.289990234375,2370.750048828125,2410.7300048828124,2410.7300048828124,3374910.6,bullish
82,82,825,2023-10-11,"#MarketAtClose | Cement stocks move higher on price hike reports, Ramco Cem top gainer

MCX surges to record high with co going live on new platform from Oct 16

USL gains more than 2% rpts suggest a vist by UK PM to India for FTA talks",MCX,Multi Commodity Exchange of India Limited,Printing & Stationery,Printing & Stationery,EQ,09-Mar-12,10,1,INE745G01035,10,0.0,0.091,0.909,0.4939,82,2136.0,2179.449951171875,2091.0,2156.550048828125,2156.550048828125,2521671,2439.2599853515626,2488.039990234375,2406.4900390625,2450.710009765625,2450.710009765625,3343778.0,bearish
83,83,833,2023-10-13,SJVN gets LoA for a 100 MW solar power project worth Rs 600 cr in Rajasthan,SJVN,SJVN Limited,Power - Generation & Distribution,Power - Generation & Distribution,EQ,20-May-10,10,1,INE002L01015,10,0.0,0.119,0.881,0.2263,83,71.75,74.75,72.69999694824219,73.05000305175781,72.36785125732422,69842825,85.53000030517578,86.96999969482422,84.35000152587891,85.44000091552735,84.64214477539062,33634649.2,bullish
84,84,845,2023-10-13,"IRB Infra: Executes definitive agreements to implement Samakhiyali Santalpur BOT project

Total project cost Rs 2,092 cr",IRB,IRB Infrastructure Developers Limited,Construction & Contracting - Real Estate,Construction & Contracting - Real Estate,EQ,25-Feb-08,10,1,INE821I01014,10,0.0,0.116,0.884,0.2732,84,32.150001525878906,32.900001525878906,32.0,32.400001525878906,32.21021270751953,17476042,38.48000030517578,39.560000610351565,37.88999977111816,38.69000015258789,38.463365936279295,33640358.4,bearish
85,85,848,2023-10-13,".@MCXIndialtd says trading on Monday, October 16 will start at 10:45 am instead of 9 am, the change in time is applicable only for Monday, October 16

CNBC-TV18 alert: On October 16, MCX is shifting to new trading software",MCX,Multi Commodity Exchange of India Limited,Printing & Stationery,Printing & Stationery,EQ,09-Mar-12,10,1,INE745G01035,10,0.0,0.056,0.944,0.296,85,2095.0,2134.89990234375,2103.050048828125,2109.949951171875,2109.949951171875,866370,2509.07998046875,2560.089990234375,2474.1200439453123,2516.9599853515624,2516.9599853515624,3160670.6,bullish
86,86,870,2023-10-16,BLS International Services signs an exclusive global visa outsourcing contract for Slovakia,BLS,BLS International Services Limited,Miscellaneous,Miscellaneous,EQ,14-Jun-16,1,1,INE153T01027,1,0.0,0.12,0.88,0.128,86,251.0,270.5,255.0,261.54998779296875,261.2021789550781,13432946,296.2200012207031,304.0799987792969,293.9200012207031,299.48999938964846,299.0917419433593,6398165.4,bearish
87,87,871,2023-10-16,"MCX starts trading session on new software platform

â­•ï¸Brokers say trading on new software platform so far has been without glitches

â­•ï¸Alert: MCX had announced shifting to new platform from today",MCX,Multi Commodity Exchange of India Limited,Printing & Stationery,Printing & Stationery,EQ,09-Mar-12,10,1,INE745G01035,10,0.0,0.0,1.0,0.0,87,2109.949951171875,2215.0,2167.0,2197.14990234375,2197.14990234375,3460814,2540.269970703125,2593.089990234375,2505.01005859375,2548.469970703125,2548.469970703125,3061665.6,bearish
88,88,878,2023-10-16,"NELCO reports #Q2 earnings. 

â–¶ï¸Net profit up 26.7% at â‚¹5.7 cr vs â‚¹5 cr (YoY)
â–¶ï¸Revenue up 1.6% at â‚¹76.6 cr vs â‚¹75.4 cr (YoY)
â–¶ï¸EBITDA down 2.1% at â‚¹13.9 cr vs â‚¹14.2 cr (YoY)
â–¶ï¸Margin at 18.1% vs 18.8% (YoY)",NELCO,NELCO Limited,Telecommunications - Equipment,Telecommunications - Equipment,EQ,28-May-03,10,1,INE045B01015,10,0.0,0.068,0.932,0.4404,88,791.9000244140625,799.4500122070312,780.0999755859375,794.25,794.25,184931,938.9699951171876,952.1900024414062,926.0800048828124,937.8199951171875,937.8199951171875,119681.8,bearish
89,89,881,2023-10-16,"#MarketAtClose | Dalmia bharat moves 2% higher after better-than-expected Q2

Voda Idea & Bharti erase gains as SC rejects coâ€™s plea w.r.t licence fee

GNFC is top midcap gainer, rises 6% with healthy volumes",GNFC,Gujarat Narmada Valley Fertilizers and Chemicals Limited,Fertilisers,Fertilisers,EQ,17-May-95,10,1,INE113A01013,10,0.084,0.181,0.735,0.4019,89,636.9000244140625,676.3499755859375,649.6500244140625,669.0,669.0,7345604,747.5300048828125,766.0900024414062,742.05,758.2400146484375,758.2400146484375,2479002.4,bearish
90,90,898,2023-10-18,"NHPC says expected loss/ damage due to Sikkim flood at Rs 233.6 cr, and itâ€™s covered under insurance",NHPC,NHPC Limited,Power - Generation & Distribution,Power - Generation & Distribution,EQ,01-Sep-09,10,1,INE848E01016,10,0.158,0.0,0.842,-0.4939,90,53.400001525878906,53.79999923706055,51.79999923706055,52.04999923706055,51.26349258422852,24123697,63.14000091552735,63.94000015258789,62.54000015258789,63.0,62.048031616210935,18939474.6,bullish
91,91,918,2023-11-13,"#MarketAtClose | Page Ind erases all the gains seen after its earnings, falls over 3%

REC & PFC extends Samvat 2079 gains, rises in the range of 1-3%

Glenmark Pharmaâ€™s below-than-expected Q2 drags the stock, down 5%

Market breadth favours declines, advance-decline ratio at 2:3",PFC,Power Finance Corporation Limited,Finance,Finance,EQ,23-Feb-07,10,1,INE134E01011,10,0.035,0.186,0.779,0.7506,91,297.0,319.79998779296875,302.0,307.5,298.3919677734375,56941773,326.19000854492185,337.2199951171875,322.55,331.9699951171875,322.13718566894534,32965145.0,bullish
92,92,921,2023-11-13,"PVR Inox to open 6 screen multiplex Maison INOX at #Jio World Centre, Mumbai and 4  screen multiplex at Utkal Kanika Galleria Mall, Bhubaneswar, Odisha",PVR,PVR Limited,Media & Entertainment,Media & Entertainment,EQ,04-Jan-06,10,1,INE191H01014,10,0.0,0.0,1.0,0.0,92,0.0,0.0,0.0,0.0,0.0,0,0.0,0.0,0.0,0.0,0.0,0.0,unknown
93,93,933,2023-11-20,ABB India forms strategic partnership with Titagarh Rail for Metro Projects in India,ABB,ABB India Limited,Electric,Electric,EQ,08-Feb-95,2,1,INE117A01022,2,0.0,0.0,1.0,0.0,93,4316.0,4365.35009765625,4335.0498046875,4347.0,4331.51806640625,243547,5139.92001953125,5189.20009765625,5079.669921875,5125.1298828125,5106.87646484375,277882.6,bearish
94,94,943,2023-11-28,BSE Ltd up more than 5% as Jefferies initiates buy call,BSE,BSE Limited,,,EQ,03-Feb-17,2,1,INE118H01025,2,0.0,0.0,1.0,0.0,94,2245.0,2369.89990234375,2320.0,2348.75,2348.75,2953417,2676.789990234375,2750.45,2574.230029296875,2628.6,2628.6,2795568.8,bullish
95,95,952,2023-11-28,"Tata Power Renewable Energy gets letter of award for development for 200 MW Firm & Dispatchable Renewable Energy Project with SJVN

The installation is expected to offset 9 lakh metric tonnes of CO2 emissions annually",SJVN,SJVN Limited,Power - Generation & Distribution,Power - Generation & Distribution,EQ,20-May-10,10,1,INE002L01015,10,0.0,0.204,0.796,0.7717,95,82.9000015258789,86.3499984741211,83.69999694824219,84.3499984741211,83.56232452392578,46010669,96.03000183105468,99.38999938964844,94.86999816894532,97.28000030517578,96.37158203125,59342473.2,bullish
96,96,961,2023-11-29,BSE listed cos total market capitalization hits $4 trillion for the 1st time ever,BSE,BSE Limited,,,EQ,03-Feb-17,2,1,INE118H01025,2,0.0,0.0,1.0,0.0,96,2367.0,2442.0,2400.0,2427.60009765625,2427.60009765625,2029006,2660.369970703125,2743.85,2588.22001953125,2661.52001953125,2661.52001953125,2709015.2,bullish
97,97,963,2023-11-29,BPCL board approves interim dividend of â‚¹21/sh for FY24,BPCL,Bharat Petroleum Corporation Limited,Refineries,Refineries,EQ,13-Sep-95,10,1,INE029A01011,10,0.0,0.252,0.748,0.4019,97,426.0,434.4500122070313,429.0499877929688,428.6499938964844,409.3124084472656,12604406,488.1199951171875,496.5700012207032,483.4300048828125,493.0299987792969,470.788037109375,10581818.4,bullish
98,98,971,2023-11-29,"MarketAtClose | Newly listed IREDA ends >87% higher, second most successful listing in 2023

BPCL up more than 1% after board approves interim dividend of Rs 21/sh

BSE cos market cap crosses $4 trillion for the first time ever",BPCL,Bharat Petroleum Corporation Limited,Refineries,Refineries,EQ,13-Sep-95,10,1,INE029A01011,10,0.0,0.159,0.841,0.7778,98,426.0,434.4500122070313,429.0499877929688,428.6499938964844,409.3124084472656,12604406,488.1199951171875,496.5700012207032,483.4300048828125,493.0299987792969,470.788037109375,10581818.4,bullish
99,99,1032,2024-01-05,NTPC gets GST demand order worth â‚¹100.8 Cr from 7 states,NTPC,NTPC Limited,Power - Generation & Distribution,Power - Generation & Distribution,EQ,05-Nov-04,10,1,INE733E01010,10,0.132,0.167,0.702,0.1027,99,322.8999938964844,325.6499938964844,312.6000061035156,314.95001220703125,312.84161376953125,27456415,375.6299987792969,378.7699951171875,368.5199951171875,373.0300048828125,370.53278198242185,23197559.4,bullish
100,100,1034,2024-01-05,GAIL (@gailindia) & Vital Asia sign #LNG deal for 1 mtpa LNG for 10 years starting 2026,GAIL,GAIL (India) Limited,Oil Drilling And Exploration,Oil Drilling And Exploration,EQ,02-Apr-97,10,1,INE129A01019,10,0.0,0.136,0.864,0.296,100,166.0,167.10000610351562,160.3000030517578,163.64999389648438,158.69363403320312,36182162,196.57000122070312,199.69000244140625,192.73999938964843,196.2599975585937,190.31600646972657,42888286.4,bearish
101,101,1048,2024-01-07,NTPC gets tax demand order of Rs 41.8 cr from Bihar GST dept,NTPC,NTPC Limited,Power - Generation & Distribution,Power - Generation & Distribution,EQ,05-Nov-04,10,1,INE733E01010,10,0.111,0.0,0.889,-0.128,101,322.8999938964844,325.6499938964844,312.6000061035156,314.95001220703125,312.84161376953125,27456415,375.6299987792969,378.7699951171875,368.5199951171875,373.0300048828125,370.53278198242185,23197559.4,bullish
102,102,1057,2024-01-12,"CONCOR in focus
Domestic volumes see a fall of 1.2% while EXIM volumes have risen 8% YoY

Note: In Q2, domestic volumes were up 26% YoY",CONCOR,Container Corporation of India Limited,Transport & Logistics,Transport & Logistics,EQ,07-May-97,5,1,INE111A01025,5,0.0,0.0,1.0,0.0,102,912.9500122070312,912.9500122070312,884.6500244140625,889.7000122070312,885.8968505859375,1435565,1078.5400024414062,1087.1900024414062,1054.6599975585937,1066.3,1061.7419311523438,1568239.4,bullish
103,103,1076,2024-01-15,"NELCO reports Q3 earnings

- Cons net profit up 23% at â‚¹6.1 cr vs 5 cr (YoY)

- Revenue up12% at â‚¹183 cr vs â‚¹74 cr (YoY)

- EBITDA up 6.4% at â‚¹16 cr vs â‚¹15 cr (YoY)

- Margin at 19.5% vs 20.5% (YoY)",NELCO,NELCO Limited,Telecommunications - Equipment,Telecommunications - Equipment,EQ,28-May-03,10,1,INE045B01015,10,0.0,0.069,0.931,0.4404,103,862.6500244140625,884.0,815.8499755859375,830.2000122070312,830.2000122070312,840525,988.3800048828124,1018.7199951171876,973.7199951171876,986.9200073242188,986.9200073242188,470437.8,bearish
104,104,1077,2024-01-15,"NTPC, CESC in focus
Govt releases draft notification of Electricity (Amendment) Rules, 2024. Licence conditions eased for power generation companies. There wonâ€™t be any need to obtain transmission line license for grid connection",CESC,CESC Limited,Power - Generation & Distribution,Power - Generation & Distribution,EQ,08-Feb-95,1,1,INE486A01021,1,0.0,0.064,0.936,0.296,104,141.8000030517578,141.8000030517578,137.5,140.25,135.83963012695312,4785040,167.43999938964845,169.46999816894532,164.28000183105468,166.3,161.07044677734376,10070512.6,bearish
105,105,1093,2024-01-16,NBCC bags orders of â‚¹139 cr for construction works,NBCC,NBCC (India) Limited,Construction,Construction,EQ,12-Apr-12,1,1,INE095N01031,1,0.0,0.0,1.0,0.0,105,92.1500015258789,92.9499969482422,87.0,90.0,90.0,30327902,109.37000122070312,111.85999908447266,107.2300018310547,109.86999969482422,109.86999969482422,56203890.2,bearish
106,106,1108,2024-02-03,"HIL reports its Q3 earningsðŸ‘‡

>>Net loss at â‚¹7 cr Vs profit of â‚¹12.5 cr (YoY)

>>Revenue up 2% at â‚¹784 cr Vs â‚¹767 cr (YoY)

>>EBITDA down 66% at â‚¹17 cr Vs â‚¹50 cr (YoY)

>>Margin at 2.2% Vs 6.5% (YoY)",HIL,HIL Limited,Cement - Products & Building Materials,Cement - Products & Building Materials,EQ,26-Apr-95,10,1,INE557A01011,10,0.051,0.064,0.885,0.1531,106,2945.0,2949.85009765625,2650.0,2779.64990234375,2764.565185546875,39887,3507.35,3572.630029296875,3432.960009765625,3479.339990234375,3460.458251953125,19391.2,bearish
107,107,1121,2024-02-03,"NMDC in focus
Chinese iron ore slips to lowest levels in last 2 weeks",NMDC,NMDC Limited,Mining & Minerals,Mining & Minerals,EQ,03-Mar-08,1,1,INE584A01023,1,0.178,0.0,0.822,-0.3818,107,229.3000030517578,237.5,237.1999969482422,235.5500030517578,229.78530883789065,38931640,265.3800018310547,269.85999755859376,262.68999633789065,267.7199981689453,261.1680023193359,21152610.8,bullish
108,108,1122,2024-02-03,"#SEBI issues an administrative warning notifying one discrepancy for CRISIL Ratings, SEBI conducted an inspection of CRISIL Ratings in October 2023: CRISIL says",CRISIL,CRISIL Limited,Miscellaneous,Miscellaneous,EQ,28-Jun-95,1,1,INE007A01025,1,0.098,0.0,0.902,-0.34,108,4165.0,4185.0,4085.75,4175.64990234375,4145.4365234375,31068,4786.47998046875,4864.750048828125,4695.27001953125,4828.280029296875,4793.3443359375,51766.0,bullish
109,109,1125,2024-02-03,"UPL reports #Q3 earningsðŸ‘‡

âž¡ï¸Net Loss of â‚¹1,217 cr vs profit of â‚¹1,087 cr (YoY)
âž¡ï¸Revenue down 27.7% at â‚¹9,887 cr vs â‚¹13,679 cr (YoY)
âž¡ï¸EBITDA down 86.3% at 416â‚¹ cr vs â‚¹3,034 cr (YoY)
âž¡ï¸Margin at 4.21% vs 22.2% (YoY)",UPL,UPL Limited,Chemicals,Chemicals,EQ,23-Jan-04,2,1,INE628A01036,2,0.052,0.066,0.882,0.1531,109,533.9000244140625,540.6500244140625,470.0499877929688,533.6500244140625,533.6500244140625,4224992,647.7900146484375,652.0400024414063,638.9300048828125,642.7200073242187,642.7200073242187,3451302.8,bearish
110,110,1176,2024-02-07,"FDC reports its Q3

âž¡ï¸Net Profit up 94.6% at â‚¹79.2 cr vs â‚¹40.7 cr (YoY)
âž¡ï¸Revenue up 11.9% at â‚¹458.2 cr vs â‚¹409.3 cr (YoY)
âž¡ï¸EBITDA up 70.3% at â‚¹83.8 cr vs â‚¹49.2 cr (YoY)
âž¡ï¸Margin at 18.3% vs 12% (YoY)",FDC,FDC Limited,Pharmaceuticals,Pharmaceuticals,EQ,07-Aug-97,1,1,INE258B01022,1,0.0,0.068,0.932,0.4404,110,435.8999938964844,471.9500122070313,447.0,464.9500122070313,464.9500122070313,2622570,508.5100036621094,530.3600036621094,504.5799987792969,515.9900024414062,515.9900024414062,970414.8,bearish
111,111,1191,2024-03-27,CRISIL upgrades #SuzlonEnergy ratings to â€˜A-' with a Positive Outlook,CRISIL,CRISIL Limited,Miscellaneous,Miscellaneous,EQ,28-Jun-95,1,1,INE007A01025,1,0.0,0.31,0.69,0.5574,111,5150.0,5154.9501953125,4955.14990234375,4979.2001953125,4943.17236328125,36070,6074.89990234375,6173.680078125,5951.42001953125,6011.780078125,5968.28095703125,51251.8,bullish
112,112,1201,2024-03-27,BSE releases list of 25 stocks available for T+0 settlement starting March 28 (tomorrow),BSE,BSE Limited,,,EQ,03-Feb-17,2,1,INE118H01025,2,0.0,0.0,1.0,0.0,112,2332.0,2475.39990234375,2415.75,2463.60009765625,2463.60009765625,2313292,2580.2,2685.699951171875,2541.62001953125,2640.900048828125,2640.900048828125,1564019.2,bullish
113,113,1205,2024-03-27,"#MarketAtClose | Reliance gets another positive brokerage note, stock near record high

Nifty rejig leads to a sharp move in UPL & Shriram Finance in last hour

Autos see a buying ahead of monthly data, Maruti, Bajaj Auto top gainers",UPL,UPL Limited,Chemicals,Chemicals,EQ,23-Jan-04,2,1,INE628A01036,2,0.0,0.197,0.803,0.7964,113,465.0,467.2000122070313,452.1000061035156,455.5,455.5,27876181,554.1200012207031,562.1500122070313,546.9100036621094,552.5899963378906,552.5899963378906,9732785.8,bullish
114,114,1207,2024-03-27,"Lupin ends at dayâ€™s low after co gets tax demand worth â‚¹477 crore for AY21-22

Suzlon Energy rises 4% as CRISIL upgrades the rating of the company

NSE advance decline ratio is at 3:4",CRISIL,CRISIL Limited,Miscellaneous,Miscellaneous,EQ,28-Jun-95,1,1,INE007A01025,1,0.096,0.106,0.798,0.1027,114,5150.0,5154.9501953125,4955.14990234375,4979.2001953125,4943.17236328125,36070,6074.89990234375,6173.680078125,5951.42001953125,6011.780078125,5968.2810546875,51251.8,bullish
115,115,1233,2024-03-28,"IOC Board approves revising Cauvery Basin Project cost to â‚¹33,023 crore from â‚¹29,361 crore",IOC,Indian Oil Corporation Limited,Refineries,Refineries,EQ,24-Jul-96,10,1,INE242A01010,10,0.0,0.172,0.828,0.4019,115,166.75,169.5,168.75,167.75,167.75,17007401,196.56000061035155,200.02999877929688,194.79000244140624,197.85999755859376,197.85999755859376,29103478.6,bullish
116,116,1249,2024-04-01,NMDC rises despite iron ore hitting lowest levels in 10 months,NMDC,NMDC Limited,Mining & Minerals,Mining & Minerals,EQ,03-Mar-08,1,1,INE584A01023,1,0.206,0.0,0.794,-0.3818,116,204.8000030517578,213.1999969482422,210.0,212.6000061035156,212.6000061035156,19948715,244.81000061035155,248.79999694824215,242.12000122070316,245.6600006103516,245.6600006103516,17529229.0,bullish
117,117,1252,2024-04-01,"Unit-2 of 660 MW of 1320 MW Maitree Super Thermal Power Plant at Rampal, Mongla, Bagerhat of Bangladesh India Friendship Power will be included in the installed & commercial capacity of NTPC Group w.e.f. 12.03.2024",NTPC,NTPC Limited,Power - Generation & Distribution,Power - Generation & Distribution,EQ,05-Nov-04,10,1,INE733E01010,10,0.0,0.175,0.825,0.7783,117,339.0,344.3999938964844,340.75,342.3500061035156,342.3500061035156,8580656,392.95,400.47999877929686,390.1999938964844,397.7200012207031,397.7200012207031,24589363.4,bullish
118,118,1265,2024-04-01,"BEL FY24 total turnover up 13.7% at â‚¹19,700 crore vs â‚¹17,333 crore (YoY)

âž¡ï¸FY24 provisional revenue growth at 13.6% vs Companies guidance of 15%",BEL,Bharat Electronics Limited,Computers - Hardware,Computers - Hardware,EQ,19-Jul-00,1,1,INE263A01024,1,0.0,0.102,0.898,0.3818,118,205.0,212.75,212.6000061035156,211.1000061035156,211.1000061035156,45840349,237.8,243.21999816894527,235.88999938964844,241.1600006103516,241.02000122070316,40256153.8,bullish
119,119,1271,2024-04-01,"Prestige Estates jumps 8% as group raises â‚¹2,001 cr from ADIA, Kotak AIF

PNB Hsg Fin rallies 13% after CARE & ICRA upgrade ratings

GM Breweries up more than 12% on coâ€™s plan to consider bonus issue",ICRA,ICRA Limited,Miscellaneous,Miscellaneous,EQ,13-Apr-07,10,1,INE725G01011,10,0.0,0.179,0.821,0.8143,119,5444.10009765625,5525.0,5435.0498046875,5431.85009765625,5431.85009765625,1527,6476.7599609375,6582.5900390625,6407.72998046875,6494.10009765625,6494.10009765625,2460.0,bullish
120,120,1275,2024-04-01,"NMDC March Business Update

âž¡ï¸Total production at 4.86 mt vs 5.60 mt (YoY)

âž¡ï¸Total sales at 3.96 mt vs 4.84 mt (YoY)",NMDC,NMDC Limited,Mining & Minerals,Mining & Minerals,EQ,03-Mar-08,1,1,INE584A01023,1,0.0,0.0,1.0,0.0,120,204.8000030517578,213.1999969482422,210.0,212.6000061035156,212.6000061035156,19948715,244.81000061035155,248.79999694824215,242.12000122070316,245.6600006103516,245.6600006103516,17529229.0,bullish
121,121,1303,2024-04-05,"Oil marketing companies remain under pressure on rising crude price

HDFC Bank along with ITC & Kotak Bank keep Nifty losses in check

Bajaj Finance amongst top Nifty losers after Q4 update",ITC,ITC Limited,,,EQ,23-Aug-95,1,1,INE154A01025,1,0.278,0.167,0.556,-0.7003,121,422.5,431.7000122070313,427.75,427.5499877929688,427.5499877929688,16147032,511.9700012207031,516.2300048828125,507.64000244140624,511.2800048828125,511.2800048828125,18667831.8,bullish
122,122,1313,2024-04-05,"PNB Q4 Business Update ðŸ‘‡

âž¡ï¸Total Business up 2.9% QoQ & 8.8% YoY
âž¡ï¸Total Deposits up 3.5% QoQ & 7% YoY
âž¡ï¸Domestic Deposits up 3.5% QoQ & 6.6% YoY",PNB,Punjab National Bank,Banks - PSU,Banks - PSU,EQ,24-Apr-02,2,1,INE160A01022,2,0.0,0.0,1.0,0.0,122,135.10000610351562,137.5,132.5,136.5500030517578,136.5500030517578,44560290,154.54000091552734,157.95,153.3300003051758,156.7,156.7,61920982.0,bearish
123,123,1361,2024-04-11,Maharashtra Seamless gets work order worth â‚¹674 crore from ONGC for supply of casing seamless pipes,ONGC,Oil & Natural Gas Corporation Limited,Oil Drilling,Oil Drilling,EQ,19-Jul-95,5,1,INE213A01029,5,0.0,0.112,0.888,0.2263,123,269.95001220703125,273.20001220703125,265.0,272.0,272.0,11137195,325.8099975585937,329.47999877929686,321.89000244140624,324.7300048828125,324.7300048828125,19515528.8,bearish
124,124,1363,2024-04-11,"PVR Inox launches 14-screen megaplex at Phoenix Mall Of Asia, Bengaluru",PVR,PVR Limited,Media & Entertainment,Media & Entertainment,EQ,04-Jan-06,10,1,INE191H01014,10,0.0,0.0,1.0,0.0,124,0.0,0.0,0.0,0.0,0.0,0,0.0,0.0,0.0,0.0,0.0,0.0,unknown
125,125,1391,2024-04-16,ABB India launches two energy-efficient motor ranges for sustainable industrial growth,ABB,ABB India Limited,Electric,Electric,EQ,08-Feb-95,2,1,INE117A01022,2,0.0,0.206,0.794,0.3818,125,6569.7001953125,6666.0,6310.0,6644.85009765625,6621.18408203125,268622,7969.47001953125,8060.72998046875,7880.03994140625,7965.98994140625,7937.61865234375,350309.6,bearish
126,126,1393,2024-04-16,Noida International Airport & BPCL have signed an agreement for the #ATF pipeline,BPCL,Bharat Petroleum Corporation Limited,Refineries,Refineries,EQ,13-Sep-95,10,1,INE029A01011,10,0.0,0.225,0.775,0.4939,126,585.0,600.0,585.5499877929688,592.2999877929688,592.2999877929688,5773385,712.4800048828125,724.4299926757812,702.2099975585937,713.1,713.1,8459024.8,bearish
127,127,1413,2024-04-18,"IndusTowers up more than 5% on IIFL upgrade, Voda Idea FPO",IIFL,IIFL Finance Limited,Finance,Finance,EQ,17-May-05,2,1,INE530B01024,2,0.0,0.0,1.0,0.0,127,414.7709655761719,421.1333923339844,389.9041442871094,407.6314697265625,407.6314697265625,1290885,506.5548522949219,521.7219604492187,494.5429626464844,507.3689819335938,507.3689819335938,4239484.6,bearish
128,128,1429,2024-04-18,"HDFC Bank, ICICI, Axis & ITC Bank drag Nifty most  

Sensex falls 455 points to 72,489 & Nifty 152 points to 21,996  

Nifty Bank slips 415 points to 47,069 & Midcap Index 241 points to 48,996  

Fall in crude leads to a buying in oil mktg cos, stocks up 3-4%",ITC,ITC Limited,,,EQ,23-Aug-95,1,1,INE154A01025,1,0.102,0.148,0.75,0.3612,128,426.0,426.8999938964844,416.0,418.8500061035156,418.8500061035156,21312388,514.2,517.6199951171875,508.6699951171875,512.8100036621094,512.8100036621094,15767531.8,bullish
129,129,1431,2024-04-18,"MarketAtClose | Power grid moves 2% higher on positive brokerage note 

 Fall in crude leads to a buying in oil mktg cos, stocks up 3-4%  

MCX sees buying ahead of quarterly earning, stock near record high  

City Gas cos come under pressure, IGL & MGL fall up to 5% each",IGL,Indraprastha Gas Limited,Hospitals & Medical Services,Hospitals & Medical Services,EQ,26-Dec-03,2,1,INE203G01027,2,0.11,0.067,0.822,-0.3182,129,467.0,470.3500061035156,432.1499938964844,437.2999877929688,437.2999877929688,5070601,564.1400024414063,574.2500061035156,551.5299987792969,557.2599975585938,557.2599975585938,5192304.2,bearish
130,130,1482,2024-04-22,"GAIL in focus
Following revision in tariff for GSPL, PNGRB tells @CNBCTV18News, there will be revision in tariffs for GAIL as well",GAIL,GAIL (India) Limited,Oil Drilling And Exploration,Oil Drilling And Exploration,EQ,02-Apr-97,10,1,INE129A01019,10,0.0,0.091,0.909,0.2732,130,204.5,204.5,198.5,198.75,198.75,36002648,243.9,249.1700012207031,238.5000030517578,242.9800018310547,242.9800018310547,39192100.2,bullish
131,131,1501,2024-04-23,"M&M Financial slips in trade, stock falls more than 4% but off lows after co delays #Q4FY24 results as a fraud of upto Rs 150 cr was detected at one of its branch in the North East. The fraud involves forgery of KYC documents",M&M,Mahindra & Mahindra Limited,Auto,Auto,EQ,03-Jan-96,5,1,INE101A01026,5,0.24,0.0,0.76,-0.9274,131,2096.0,2114.0,2052.949951171875,2062.60009765625,2062.60009765625,2886136,2477.630029296875,2515.72998046875,2439.860009765625,2469.169970703125,2469.169970703125,3227013.2,bearish
132,132,1506,2024-04-23,M&M Fin defers board meet to consider #Q4Results to May 30,M&M,Mahindra & Mahindra Limited,Auto,Auto,EQ,03-Jan-96,5,1,INE101A01026,5,0.0,0.0,1.0,0.0,132,2096.0,2114.0,2052.949951171875,2062.60009765625,2062.60009765625,2886136,2477.630029296875,2515.72998046875,2439.860009765625,2469.169970703125,2469.169970703125,3227013.2,bearish
133,133,1513,2024-04-23,"NBCC bags new work orders worth â‚¹23,500 cr in FY24 vs â‚¹6,700 cr YoY",NBCC,NBCC (India) Limited,Construction,Construction,EQ,12-Apr-12,1,1,INE095N01031,1,0.0,0.128,0.872,0.2263,133,125.9499969482422,136.6999969482422,132.0,134.25,134.25,32113418,150.05999908447265,155.61999969482423,147.86999969482423,151.96999816894532,151.96999816894532,18525774.0,bearish
134,134,1516,2024-04-23,"Aditya Birla group stocks surge, Grasim, ABFRL & AB Cap rise 4-9%

Vodafone Idea gains more than 11% as its â‚¹18,000 crore FPO is subscribed 7x

Tata Cons, MCX, ICICI Pru & SBI card close with gains ahead of earnings

Nestle surges 3% from dayâ€™s low ahead of its quarterly results tomorrow",ABFRL,Aditya Birla Fashion and Retail Limited,Retail,Retail,EQ,17-Jul-13,10,1,INE647O01011,10,0.039,0.089,0.872,0.4019,134,241.9499969482422,273.20001220703125,258.8999938964844,263.5,263.5,31008521,279.6699981689453,290.9700012207031,275.31000061035155,285.77000122070314,285.77000122070314,9874232.4,bearish
135,135,1517,2024-04-23,"Auto stocks see buying, Marutiâ€™s share price crosses 13,000 for the 1st time

Sun Pharma ends the session as top Nifty loser, down more than 3%

Realty stocks, especially Oberoi & DLF see buying, gain 3% each",DLF,DLF Limited,Construction & Contracting - Real Estate,Construction & Contracting - Real Estate,EQ,05-Jul-07,2,1,INE271C01023,2,0.076,0.227,0.697,0.6908,135,873.0,898.5,885.5,885.25,885.25,5126456,1044.5,1058.9699951171874,1029.1900024414062,1044.5400024414062,1044.5400024414062,4642646.8,bullish
136,136,1520,2024-04-23,"NELCO reports #Q4 earningsðŸ‘‡

âž¡ï¸Net Profit up 7% at â‚¹6.1 cr vs â‚¹5.7 cr (YoY)
âž¡ï¸Revenue down 0.5% at â‚¹81.6 cr vs â‚¹82 cr (YoY)
âž¡ï¸EBITDA down 12.5% at â‚¹14.7 cr vs â‚¹16.8 cr (YoY)
âž¡ï¸Margin at 18% vs 20.5% (YoY)",NELCO,NELCO Limited,Telecommunications - Equipment,Telecommunications - Equipment,EQ,28-May-03,10,1,INE045B01015,10,0.0,0.068,0.932,0.4404,136,810.0999755859375,848.6500244140625,769.0,808.5499877929688,808.5499877929688,1100768,903.5199951171876,933.05,888.6299926757813,914.7300048828124,914.7300048828124,365306.4,bearish
137,137,1529,2024-04-24,GAIL to shut Dabhol LNG terminal from may 15 ahead of monsoon #rains,GAIL,GAIL (India) Limited,Oil Drilling And Exploration,Oil Drilling And Exploration,EQ,02-Apr-97,10,1,INE129A01019,10,0.0,0.0,1.0,0.0,137,200.8999938964844,208.8000030517578,206.1000061035156,207.3999938964844,207.3999938964844,31299709,244.0799987792969,248.72000122070312,238.85,243.42999877929688,243.42999877929688,33135358.4,bullish
138,138,1532,2024-04-24,"AllcargoLogistics âš¡ï¸March LCL volume up 9% MoM & up 3% YoY

âš¡ï¸March FCL volume up 7% MoM, up 11% YoY",FCL,Fineotex Chemical Limited,,,EQ,15-Jan-15,2,1,INE045J01026,2,0.0,0.0,1.0,0.0,138,385.0499877929688,386.7999877929688,378.1000061035156,380.3999938964844,380.3999938964844,198318,449.3199951171875,455.72999877929686,443.55,448.97999877929686,448.97999877929686,310018.0,bearish
139,139,1537,2024-04-24,"Insurance stocks under pressure as ICICI Pru reports mixed Q4

Vodafone Idea reverses Tuesdayâ€™s gains, slips 9%, Indus Twrs falls too

UBL surges 10% tracking India volume growth of Heineken",UBL,United Breweries Limited,,,EQ,28-Jul-08,1,1,INE686F01025,1,0.064,0.146,0.789,0.4215,139,1872.449951171875,2046.199951171875,2012.0,2030.949951171875,2030.949951171875,2492686,2221.110009765625,2269.2099609375,2202.9699951171874,2254.6599853515627,2254.6599853515627,648985.4,bearish
140,140,1616,2024-05-01,Single Stock Derivatives Expiry To Be On Second Thursday From July 1: BSE,BSE,BSE Limited,,,EQ,03-Feb-17,2,1,INE118H01025,2,0.0,0.0,1.0,0.0,140,2824.800048828125,2885.0,2830.0,2790.14990234375,2790.14990234375,2420498,3582.680029296875,3748.969970703125,3514.210009765625,3649.82001953125,3649.82001953125,4393930.4,bullish
141,141,1629,2024-05-03,"MRF reports #Q4 earnings

âž¡ï¸Net profit down 7.6% at â‚¹379.6 cr vs â‚¹410.7 cr (YoY)
âž¡ï¸Revenue up 8.6 % at â‚¹ 6,215.1 cr vs â‚¹ 5,725.4 cr (YoY)
âž¡ï¸EBITDA up 5% at â‚¹885.7 cr vs â‚¹843.1 cr (YoY)
âž¡ï¸Margin at 14.3% vs 14.7 % (YoY)",MRF,MRF Limited,Tyres,Tyres,EQ,18-Sep-96,10,1,INE883A01011,10,0.0,0.068,0.932,0.4404,141,134300.0,134300.0,125001.1015625,128560.3984375,128560.3984375,32315,157718.2203125,159349.4015625,155910.65,157226.7109375,157226.7109375,13931.8,bearish
142,142,1649,2024-05-07,"IRB Infra reports #Q4 earningsðŸ‘‡

âž¡ï¸Net profit up 45.1% at â‚¹188.9 cr vs â‚¹130.2 cr (YoY)
âž¡ï¸Revenue up 27.2% at â‚¹2,061.2 cr vs â‚¹1,620 cr (YoY)
âž¡ï¸EBITDA up 17.3% at â‚¹889.9 cr vs â‚¹758.7 cr (YoY)
âž¡ï¸Margin at 43.2% vs 46.8% (YoY)",IRB,IRB Infrastructure Developers Limited,Construction & Contracting - Real Estate,Construction & Contracting - Real Estate,EQ,25-Feb-08,10,1,INE821I01014,10,0.0,0.066,0.934,0.4404,142,68.0,68.4000015258789,65.69999694824219,66.05000305175781,65.94969940185547,23782432,83.16000061035156,84.03000030517578,80.63000030517578,82.01999969482422,81.89544219970703,31264190.2,bullish
143,143,1661,2024-05-08,NBCC gets work orders worth â‚¹400 crore in Chhattisgarh & Kerala,NBCC,NBCC (India) Limited,Construction,Construction,EQ,12-Apr-12,1,1,INE095N01031,1,0.0,0.174,0.826,0.2263,143,128.4499969482422,137.25,129.39999389648438,135.89999389648438,135.89999389648438,17814789,164.97999877929686,167.78999938964844,159.6199981689453,163.06000061035155,163.06000061035155,15538923.0,bearish
144,144,1668,2024-05-08,"BSE reports #Q4 earnings

Cons net profit up 20.7% at â‚¹106.9 cr vs â‚¹88.6 cr (YoY)
Cons revenue at â‚¹544.8 cr vs â‚¹259 cr (YoY)
Board recommends final dividend of â‚¹15/sh",BSE,BSE Limited,,,EQ,03-Feb-17,2,1,INE118H01025,2,0.0,0.142,0.858,0.5859,144,2775.0,2830.0,2700.0,2819.39990234375,2819.39990234375,554365,3417.9,3447.87998046875,3340.960009765625,3394.33994140625,3394.33994140625,1552141.0,bearish
145,145,1681,2024-05-09,"IOB reports #Q4 earningsðŸ‘‡

âž¡ï¸Net profit up 24.3% at â‚¹808.1 cr vs â‚¹650 cr (YoY)

âž¡ï¸NII up 21.4% at â‚¹2,763.2 cr vs â‚¹2,276.1 cr (YoY)

âž¡ï¸Gross NPA at 3.10% vs 3.90% (QoQ)

âž¡ï¸Net NPA at 0.57% vs 0.62% (QoQ)",IOB,Indian Overseas Bank,Banks - PSU,Banks - PSU,EQ,07-Dec-00,10,1,INE565A01014,10,0.0,0.071,0.929,0.4404,145,63.70000076293945,64.19999694824219,59.75,61.150001525878906,61.150001525878906,19825867,78.65999984741211,79.3499984741211,76.08000106811524,77.0000015258789,77.0000015258789,16476998.6,bullish
146,146,1689,2024-05-12,"TCI Express reports #Q4 earningsðŸ‘‡

âž¡ï¸Net profit down 17.9% at â‚¹31.6 cr vs â‚¹38.5 cr (YoY)

âž¡ï¸Revenue down 2.8% at â‚¹317.1 cr vs â‚¹326.3 cr (YoY)

âž¡ï¸EBITDA down 17% at â‚¹44.9 cr vs â‚¹54.1 cr (YoY)

âž¡ï¸Margin at 14.2% vs 16.6% (YoY)",TCI,Transport Corporation of India Limited,Transport,Transport,EQ,21-Jan-02,2,1,INE688A01022,2,0.0,0.066,0.934,0.4404,146,870.0,876.7999877929688,853.4000244140625,872.75,872.75,20390,1051.2900024414062,1066.2400024414062,1029.95,1047.4400024414062,1047.4400024414062,78638.0,bullish
147,147,1697,2024-05-12,"ITDC Q4

--Net Profit Up 68% At Rs 32.4 Cr Vs Rs 10.3 Cr (YoY)
--Revenue Down 3.8% At Rs 147.8 Cr Vs Rs 153.7 Cr (YoY)
--EBITDA Up 62% At Rs 32.4 Cr Vs Rs 20 Cr (YoY)
--Margin At 22% Vs 13% (YoY)",ITDC,India Tourism Development Corporation Limited,,,EQ,30-Dec-16,10,1,INE353K01014,10,0.0,0.062,0.938,0.4404,147,618.9000244140625,625.0,625.0,614.0999755859375,614.0999755859375,30644,769.1200073242187,776.810009765625,745.410009765625,754.7000122070312,754.7000122070312,40998.0,bullish
148,148,1701,2024-05-12,"BEML reports #Q4 earningsðŸ‘‡

âž¡ï¸Net profit up 62.8% at â‚¹256.8 cr vs â‚¹157.7 cr (YoY)

âž¡ï¸Revenue up 9.1% at â‚¹1,513.7 cr vs â‚¹1,129.4 cr (YoY)

âž¡ï¸EBITDA up 29.2% at â‚¹370.4 cr vs â‚¹286.7 cr (YoY)

âž¡ï¸Margin at 24.5% vs 20.7% (YoY)",BEML,BEML Limited,Infrastructure - General,Infrastructure - General,EQ,05-Nov-03,10,1,INE258A01016,10,0.0,0.068,0.932,0.4404,148,3241.35009765625,3280.0,3252.0,3210.050048828125,3210.050048828125,165768,4100.37001953125,4182.27001953125,3966.360009765625,4023.239990234375,4023.239990234375,377459.0,bullish
